event_country,Count,LAT,LON
Colombia,548,3.362224688948406,-73.16730227839861
Brazil,439,-12.291949731815706,-49.56924735518242
Philippines,318,16.907288998435444,121.3736681254665
Mexico,230,24.577370820962038,-102.28527134245194
Honduras,167,14.789894903031328,-86.88715244963844
Guatemala,114,14.988821224334842,-90.50245086655015
India,88,22.94061516947247,78.73959789365715
Democratic Republic of the Congo,79,-2.9814344,23.8222636
Nicaragua,77,12.688671260192367,-85.06947041321823
Peru,66,-12.974682355977151,-72.89046449877992
Indonesia,26,-0.9510335107018435,101.89108055038248
Venezuela,23,7.211150182899747,-64.59784282328121
Paraguay,18,-21.668360057438903,-60.14766566456209
Thailand,13,15.46536372815341,101.07158463556473
Ecuador,12,-1.1888897125825997,-78.1797072262736
Cambodia,11,12.558366385498541,104.42955917148653
Iran,9,31.928510153278083,55.22243976593178
Argentina,8,-33.51741836828759,-64.17915323928062
Myanmar,8,21.587975863527078,96.05057966390171
Bangladesh,7,24.318130077061483,89.85001247807955
Kenya,6,0.5144640820904715,37.834907736273365
Liberia,6,6.498483110188885,-9.461716787594483
South Africa,6,-30.04847846361744,23.238063052990906
Chad,5,15.16196486911489,18.744222294855117
Chile,5,-38.21035712484548,-72.31533958956507
Pakistan,5,29.52839171117492,68.79838184343848
Panama,5,8.727189740867377,-80.31227333511853
Russia,5,63.578665612242034,97.88183834336606
Uganda,5,0.8971614052405874,32.42073072019868
Costa Rica,4,10.06490861076373,-84.07411693557657
Dominican Republic,4,19.10834396215388,-70.81862452573577
Papua New Guinea,4,-5.601008325316188,143.332082025361
Tanzania,4,-5.871956751528421,34.791201604994804
Türkiye,4,39.294076,35.2316631
Ukraine,4,49.38350655597077,31.513729060886313
Kazakhstan,3,48.30122108456058,68.99361360725305
Madagascar,3,-18.625265013598153,46.69628218914151
Bolivia,2,-16.62212219859906,-64.68657022746034
Burkina Faso,2,12.711318855498977,-1.1557513048184296
Cameroon,2,4.579966667591986,12.4805500570406
France,2,46.72043895581163,2.458123660031249
Gambia,2,13.657122655482594,-15.018060242366403
Ghana,2,7.724311516500682,-1.0384027353054306
Romania,2,45.72193853584362,25.062789090521157
Spain,2,40.07962355644325,-3.4658028396727656
United States of America,2,39.522268826151375,-97.51736137243053
Australia,1,-23.998961513666075,134.0461197219548
Canada,1,58.33465496528049,-112.56495652397572
Gabon,1,-0.6290613027997594,11.463629848646269
Iraq,1,33.10281026239823,43.261305132247415
Ireland,1,53.08074686975256,-7.791125301108725
Kiribati,1,1.8348417897491727,-157.38823256110237
Laos,1,19.604975580220085,102.54491444694072
Malawi,1,-13.380568743857447,33.64707763303077
Malaysia,1,2.5328058254129857,113.8302748913748
Mozambique,1,-13.961095310634594,37.82507711721395
Nepal,1,28.31730041616788,83.57996830907975
Rwanda,1,-1.897183390821588,29.98871283352424
Saudi Arabia,1,23.27419064207044,45.26033409100269
Senegal,1,15.223190869074784,-14.920707959991681
Sri Lanka,1,7.551515004886275,80.70702514070963
Vietnam,1,21.7259625960617,105.38136527453868
Zambia,1,-14.740816505462343,26.71564299077723
Zimbabwe,1,-18.918604255405064,29.92614302719479