regions_name;gas_prices_usd_per_mbtu
Japan;7.65674
Korea;7.65674
Other Asia;6.15674
Indonesia;6.15674
Australia and New Zealand;6.15674
Other Southeast Asia;6.15674
Other Europe A;7.026955000000001
Central and South America A;5.526955000000001
Other Europe C;6.526955000000001
Other Africa;5.526955000000001
Brazil;6.526955000000001
Other Europe B;7.026955000000001
Caspian;5.526955000000001
Central and South America B;5.526955000000001
North Africa;5.526955000000001
Middle East;5.526955000000001
European Union A;7.026955000000001
European Union B;7.026955000000001
European Union C;7.026955000000001
South Africa;7.026955000000001
China;6.316050000000001
India;6.316050000000001
Russia;3.3160500000000006
Mexico;2.275
United States;2.275
Canada;2.275
